,RegionName,State_x,Date,Price,Housing Inventory,UnemploymentRate,cases,deaths,cases_rate,death_rate,fully_vaccinated,fully_vaccinated_rate
1450,Los Angeles County,CA,2020-02,652904.0,9084.0,4.3,105.0,0.0,1.0236355498682578e-05,0.0,,
1451,San Diego County,CA,2020-02,611465.0,4092.0,3.2,16.0,0.0,4.747185660650993e-06,0.0,,
1452,Orange County,CA,2020-02,755993.0,3975.0,2.8,56.0,0.0,1.734541441447301e-05,0.0,,
1453,Riverside County,CA,2020-02,402564.0,6674.0,4.0,15.0,0.0,6.077438724224064e-06,0.0,,
1454,San Bernardino County,CA,2020-02,363191.0,5078.0,3.7,23.0,1.0,1.0372517698672048e-05,4.5097903037704555e-07,,
1455,Santa Clara County,CA,2020-02,1261482.0,857.0,2.5,74.0,2.0,3.760955689334896e-05,1.0164745106310529e-06,,
1456,Alameda County,CA,2020-02,905899.0,1077.0,2.9,16.0,0.0,9.49055867359952e-06,0.0,,
1457,Sacramento County,CA,2020-02,396550.0,1360.0,3.7,16.0,0.0,1.0204244327875126e-05,0.0,,
1458,Contra Costa County,CA,2020-02,700886.0,1133.0,3.1,20.0,0.0,1.7239907973371242e-05,0.0,,
1459,Fresno County,CA,2020-02,272100.0,1315.0,8.4,0.0,0.0,0.0,0.0,,
1460,Kern County,CA,2020-02,234253.0,1760.0,9.1,2.0,0.0,2.156913284536765e-06,0.0,,
1461,Ventura County,CA,2020-02,625786.0,1236.0,3.7,6.0,0.0,7.036084559664238e-06,0.0,,
1462,San Francisco County,CA,2020-02,1453974.0,578.0,2.2,12.0,0.0,1.3448693235307303e-05,0.0,,
1463,San Mateo County,CA,2020-02,1421468.0,456.0,2.1,29.0,0.0,3.7275016356020106e-05,0.0,,
1464,San Joaquin County,CA,2020-02,382448.0,990.0,6.5,6.0,0.0,7.667290698937442e-06,0.0,,
1465,Stanislaus County,CA,2020-02,334416.0,574.0,6.5,2.0,0.0,3.556801226385063e-06,0.0,,
1466,Sonoma County,CA,2020-02,659678.0,735.0,2.8,6.0,0.0,1.2080504481867165e-05,0.0,,
1467,Tulare County,CA,2020-02,230552.0,784.0,11.3,4.0,0.0,8.257246249661969e-06,0.0,,
1468,Santa Barbara County,CA,2020-02,652899.0,943.0,4.4,0.0,0.0,0.0,0.0,,
1469,Monterey County,CA,2020-02,608364.0,572.0,10.1,0.0,0.0,0.0,0.0,,
1470,Solano County,CA,2020-02,452992.0,462.0,3.9,18.0,0.0,4.051727048654489e-05,0.0,,
1471,Placer County,CA,2020-02,526336.0,836.0,3.1,7.0,0.0,1.7481033079109165e-05,0.0,,
1472,San Luis Obispo County,CA,2020-02,639795.0,783.0,3.0,2.0,0.0,7.172006225301403e-06,0.0,,
1473,Santa Cruz County,CA,2020-02,873187.0,288.0,6.4,8.0,0.0,2.91971868510469e-05,0.0,,
1474,Merced County,CA,2020-02,283926.0,605.0,10.2,1.0,0.0,3.4792290028529677e-06,0.0,,
1475,Marin County,CA,2020-02,1194038.0,248.0,2.4,4.0,0.0,1.5337423312883436e-05,0.0,,
1476,Butte County,CA,2020-02,336800.0,381.0,5.4,0.0,0.0,0.0,0.0,,
1477,Yolo County,CA,2020-02,477171.0,250.0,4.8,2.0,0.0,8.944063824839454e-06,0.0,,
1478,El Dorado County,CA,2020-02,472754.0,748.0,3.6,1.0,0.0,5.178717542387803e-06,0.0,,
1479,Shasta County,CA,2020-02,283116.0,545.0,5.4,2.0,0.0,1.1240691302515104e-05,0.0,,
1480,Imperial County,CA,2020-02,225748.0,146.0,18.1,3.0,0.0,1.5653616768154284e-05,0.0,,
1481,Kings County,CA,2020-02,239459.0,251.0,9.8,3.0,0.0,1.9176190841451255e-05,0.0,,
1482,Madera County,CA,2020-02,291987.0,635.0,7.9,2.0,0.0,1.2493050740525583e-05,0.0,,
1483,Napa County,CA,2020-02,691980.0,296.0,3.2,1.0,0.0,7.160656488986911e-06,0.0,,
1484,Humboldt County,CA,2020-02,328400.0,270.0,3.8,1.0,0.0,7.457232770063685e-06,0.0,,
1485,Nevada County,CA,2020-02,478372.0,697.0,3.6,0.0,0.0,0.0,0.0,,
1486,Sutter County,CA,2020-02,319004.0,161.0,9.0,0.0,0.0,0.0,0.0,,
1487,Mendocino County,CA,2020-02,399824.0,342.0,4.6,0.0,0.0,0.0,0.0,,
1488,Yuba County,CA,2020-02,293073.0,211.0,7.0,0.0,0.0,0.0,0.0,,
1489,Lake County,CA,2020-02,245025.0,482.0,5.8,0.0,0.0,0.0,0.0,,
1490,Tehama County,CA,2020-02,254055.0,331.0,6.1,0.0,0.0,0.0,0.0,,
1491,Tuolumne County,CA,2020-02,,413.0,5.1,0.0,0.0,0.0,0.0,,
1492,San Benito County,CA,2020-02,643791.0,93.0,5.9,0.0,0.0,0.0,0.0,,
1493,Calaveras County,CA,2020-02,332986.0,501.0,4.1,0.0,0.0,0.0,0.0,,
1494,Siskiyou County,CA,2020-02,217964.0,209.0,8.4,0.0,0.0,0.0,0.0,,
1495,Amador County,CA,2020-02,325944.0,238.0,4.4,0.0,0.0,0.0,0.0,,
1496,Lassen County,CA,2020-02,175294.0,140.0,5.9,0.0,0.0,0.0,0.0,,
1497,Del Norte County,CA,2020-02,273317.0,105.0,6.2,0.0,0.0,0.0,0.0,,
1498,Glenn County,CA,2020-02,254797.0,63.0,7.1,0.0,0.0,0.0,0.0,,
1499,Colusa County,CA,2020-02,254380.0,65.0,20.2,0.0,0.0,0.0,0.0,,
1500,Plumas County,CA,2020-02,278920.0,251.0,10.8,0.0,0.0,0.0,0.0,,
1501,Inyo County,CA,2020-02,369630.0,65.0,3.9,0.0,0.0,0.0,0.0,,
1502,Mariposa County,CA,2020-02,302005.0,113.0,5.9,0.0,0.0,0.0,0.0,,
1503,Mono County,CA,2020-02,474600.0,154.0,3.7,1.0,0.0,7.162810686913545e-05,0.0,,
1504,Trinity County,CA,2020-02,282120.0,169.0,7.2,0.0,0.0,0.0,0.0,,
1505,Modoc County,CA,2020-02,135915.0,75.0,9.6,0.0,0.0,0.0,0.0,,
1506,Sierra County,CA,2020-02,249078.0,30.0,6.9,0.0,0.0,0.0,0.0,,
1507,Alpine County,CA,2020-02,420877.0,60.0,5.1,0.0,0.0,0.0,0.0,,
1508,Los Angeles County,CA,2020-03,659734.0,8838.0,6.7,6918.0,98.0,0.000674429593713201,9.553931798770409e-06,,
1509,San Diego County,CA,2020-03,617153.0,4291.0,3.8,1565.0,16.0,0.0004643340974324253,4.747185660650992e-06,,
1510,Orange County,CA,2020-03,763185.0,4126.0,3.3,1288.0,12.0,0.00039894453153287916,3.7168745173870743e-06,,
1511,Riverside County,CA,2020-03,403051.0,6312.0,4.7,1267.0,19.0,0.0005133409909061257,7.698089050683812e-06,,
1512,San Bernardino County,CA,2020-03,365886.0,5039.0,4.4,723.0,9.0,0.0003260578389626039,4.05881127339341e-06,,
1513,Santa Clara County,CA,2020-03,1282227.0,1044.0,3.0,1347.0,35.0,0.0006845955829100141,1.7788303936043427e-05,,
1514,Alameda County,CA,2020-03,913653.0,1176.0,3.5,695.0,11.0,0.00041224614238447916,6.52475908809967e-06,,
1515,Sacramento County,CA,2020-03,399927.0,1468.0,4.3,591.0,10.0,0.00037691927486088744,6.377652704921953e-06,,
1516,Contra Costa County,CA,2020-03,699059.0,1331.0,3.6,470.0,3.0,0.0004051378373742241,2.585986196005686e-06,,
1517,Fresno County,CA,2020-03,274229.0,1256.0,9.8,249.0,0.0,0.00024122600939522026,0.0,,
1518,Kern County,CA,2020-03,236787.0,1794.0,11.0,279.0,1.0,0.0003008894031928788,1.0784566422683826e-06,,
1519,Ventura County,CA,2020-03,625048.0,1254.0,4.2,306.0,5.0,0.00035884031254287616,5.863403799720198e-06,,
1520,San Francisco County,CA,2020-03,1455886.0,566.0,2.8,737.0,7.0,0.0008259739095351236,7.845071053929259e-06,,
1521,San Mateo County,CA,2020-03,1444608.0,502.0,2.5,709.0,15.0,0.0009113098826351121,1.9280180873803506e-05,,
1522,San Joaquin County,CA,2020-03,384649.0,981.0,7.5,228.0,9.0,0.0002913570465596227,1.1500936048406165e-05,,
1523,Stanislaus County,CA,2020-03,335863.0,649.0,7.6,98.0,0.0,0.0001742832600928681,0.0,,
1524,Sonoma County,CA,2020-03,663563.0,800.0,3.3,142.0,1.0,0.00028590527273752287,2.0134174136445273e-06,,
1525,Tulare County,CA,2020-03,232126.0,761.0,13.2,153.0,2.0,0.0003158396690495703,4.128623124830984e-06,,
1526,Santa Barbara County,CA,2020-03,654558.0,981.0,4.9,278.0,0.0,0.0006091508481001287,0.0,,
1527,Monterey County,CA,2020-03,611182.0,603.0,11.2,82.0,2.0,0.00018273713486000552,4.4570032892684275e-06,,
1528,Solano County,CA,2020-03,456618.0,479.0,4.6,98.0,1.0,0.0002205940282045222,2.250959471474716e-06,,
1529,Placer County,CA,2020-03,528648.0,975.0,3.6,111.0,2.0,0.0002771992388258739,4.9945808797454764e-06,,
1530,San Luis Obispo County,CA,2020-03,642797.0,829.0,3.5,127.0,0.0,0.0004554223953066391,0.0,,
1531,Santa Cruz County,CA,2020-03,881668.0,346.0,7.4,72.0,1.0,0.00026277468165942207,3.6496483563808627e-06,,
1532,Merced County,CA,2020-03,286679.0,585.0,11.6,32.0,0.0,0.000111335328091295,0.0,,
1533,Marin County,CA,2020-03,1201571.0,287.0,2.8,128.0,5.0,0.00049079754601227,1.9171779141104296e-05,,
1534,Butte County,CA,2020-03,334235.0,384.0,6.1,16.0,0.0,7.347234914060312e-05,0.0,,
1535,Yolo County,CA,2020-03,482656.0,262.0,5.4,57.0,1.0,0.0002549058190079244,4.472031912419727e-06,,
1536,El Dorado County,CA,2020-03,473885.0,822.0,4.2,31.0,0.0,0.00016054024381402198,0.0,,
1537,Shasta County,CA,2020-03,282166.0,562.0,6.2,20.0,1.0,0.00011240691302515104,5.620345651257552e-06,,
1538,Imperial County,CA,2020-03,226691.0,128.0,20.1,88.0,1.0,0.00045917275853252557,5.217872256051427e-06,,
1539,Kings County,CA,2020-03,241363.0,238.0,11.3,30.0,0.0,0.0001917619084145126,0.0,,
1540,Madera County,CA,2020-03,292747.0,665.0,9.6,47.0,1.0,0.00029358669240235125,6.246525370262792e-06,,
1541,Napa County,CA,2020-03,692462.0,346.0,3.7,34.0,1.0,0.00024346232062555498,7.160656488986911e-06,,
1542,Humboldt County,CA,2020-03,327060.0,277.0,4.4,49.0,0.0,0.00036540440573312066,0.0,,
1543,Nevada County,CA,2020-03,477300.0,731.0,4.2,35.0,0.0,0.0003545740046601154,0.0,,
1544,Sutter County,CA,2020-03,321278.0,155.0,10.3,21.0,1.0,0.0001985871939629493,9.456533045854729e-06,,
1545,Mendocino County,CA,2020-03,402426.0,340.0,5.3,6.0,0.0,6.784337226789086e-05,0.0,,
1546,Yuba County,CA,2020-03,294633.0,238.0,7.9,9.0,0.0,0.00011350737797956867,0.0,,
1547,Lake County,CA,2020-03,246632.0,490.0,6.6,1.0,0.0,1.5415208644849008e-05,0.0,,
1548,Tehama County,CA,2020-03,245124.0,350.0,6.9,1.0,0.0,1.5177961599757153e-05,0.0,,
1549,Tuolumne County,CA,2020-03,,434.0,5.9,2.0,0.0,3.8203663731351835e-05,0.0,,
1550,San Benito County,CA,2020-03,646735.0,114.0,7.0,30.0,1.0,0.0004685889225578706,1.5619630751929024e-05,,
1551,Calaveras County,CA,2020-03,334566.0,554.0,4.9,3.0,0.0,6.7736909842173e-05,0.0,,
1552,Siskiyou County,CA,2020-03,217892.0,214.0,9.2,4.0,0.0,9.1000091000091e-05,0.0,,
1553,Amador County,CA,2020-03,326325.0,254.0,4.9,4.0,0.0,0.00010381251459863486,0.0,,
1554,Lassen County,CA,2020-03,175981.0,150.0,6.6,1.0,0.0,3.326126725428239e-05,0.0,,
1555,Del Norte County,CA,2020-03,273696.0,121.0,6.9,1.0,0.0,3.628710356339357e-05,0.0,,
1556,Glenn County,CA,2020-03,255266.0,65.0,8.0,3.0,0.0,0.00010222161646449503,0.0,,
1557,Colusa County,CA,2020-03,254122.0,58.0,21.4,3.0,0.0,0.0001327844907714779,0.0,,
1558,Plumas County,CA,2020-03,278802.0,258.0,11.9,1.0,0.0,5.263989050902774e-05,0.0,,
1559,Inyo County,CA,2020-03,369376.0,54.0,4.4,10.0,0.0,0.0005419173034194981,0.0,,
1560,Mariposa County,CA,2020-03,302031.0,130.0,6.7,0.0,0.0,0.0,0.0,,
1561,Mono County,CA,2020-03,475115.0,180.0,4.4,25.0,1.0,0.0017907026717283862,7.162810686913545e-05,,
1562,Trinity County,CA,2020-03,282100.0,177.0,8.2,0.0,0.0,0.0,0.0,,
1563,Modoc County,CA,2020-03,135505.0,69.0,10.2,0.0,0.0,0.0,0.0,,
1564,Sierra County,CA,2020-03,249191.0,32.0,7.8,0.0,0.0,0.0,0.0,,
1565,Alpine County,CA,2020-03,420294.0,57.0,5.5,1.0,0.0,0.0008952551477170994,0.0,,
1566,Los Angeles County,CA,2020-04,665278.0,9235.0,17.5,23373.0,1201.0,0.0022786127340067427,0.00011708440908493123,,
1567,San Diego County,CA,2020-04,621118.0,4699.0,15.9,3025.0,128.0,0.0008975147889668285,3.797748528520795e-05,,
1568,Orange County,CA,2020-04,767285.0,4339.0,14.4,2594.0,50.0,0.0008034643748418393,1.5486977155779476e-05,,
1569,Riverside County,CA,2020-04,405092.0,6590.0,16.0,3669.0,149.0,0.001486541511945206,6.0369224660625685e-05,,
1570,San Bernardino County,CA,2020-04,368559.0,5217.0,14.2,1929.0,94.0,0.0008699385495973209,4.239202885544226e-05,,
1571,Santa Clara County,CA,2020-04,1287616.0,1258.0,12.2,1229.0,76.0,0.000624623586782782,3.862603140398002e-05,,
1572,Alameda County,CA,2020-04,911663.0,1102.0,14.6,1270.0,57.0,0.0007533130947169622,3.3810115274698285e-05,,
1573,Sacramento County,CA,2020-04,402764.0,1825.0,14.9,537.0,34.0,0.00034247995025430886,2.168401919673465e-05,,
1574,Contra Costa County,CA,2020-04,702122.0,1346.0,15.1,520.0,26.0,0.0004482376073076522,2.2411880365382607e-05,,
1575,Fresno County,CA,2020-04,276566.0,1331.0,17.1,911.0,11.0,0.0008825578094740789,1.0656570696174387e-05,,
1576,Kern County,CA,2020-04,238994.0,1858.0,18.6,968.0,10.0,0.0010439460297157945,1.0784566422683825e-05,,
1577,Ventura County,CA,2020-04,624481.0,1351.0,14.5,407.0,14.0,0.0004772810692972242,1.6417530639216556e-05,,
1578,San Francisco County,CA,2020-04,1465145.0,428.0,13.0,1102.0,26.0,0.0012350383287757206,2.9138835343165822e-05,,
1579,San Mateo County,CA,2020-04,1445171.0,530.0,11.8,715.0,42.0,0.0009190219549846337,5.3984506446649805e-05,,
1580,San Joaquin County,CA,2020-04,388179.0,1062.0,17.9,365.0,17.0,0.00046642685085202776,2.1723990313656087e-05,,
1581,Stanislaus County,CA,2020-04,337326.0,714.0,17.2,364.0,12.0,0.0006473378232020816,2.1340807358310376e-05,,
1582,Sonoma County,CA,2020-04,660626.0,798.0,15.4,140.0,1.0,0.00028187843791023374,2.0134174136445273e-06,,
1583,Tulare County,CA,2020-04,234711.0,791.0,18.6,968.0,39.0,0.0019982535924181967,8.05081509342042e-05,,
1584,Santa Barbara County,CA,2020-04,660587.0,989.0,14.0,422.0,8.0,0.0009246822226555909,1.7529520808636795e-05,,
1585,Monterey County,CA,2020-04,611882.0,614.0,19.1,191.0,3.0,0.0004256438141251349,6.685504933902641e-06,,
1586,Solano County,CA,2020-04,458608.0,538.0,15.7,221.0,4.0,0.0004974620431959123,9.003837885898864e-06,,
1587,Placer County,CA,2020-04,532134.0,1059.0,13.2,56.0,6.0,0.00013984826463287337,1.4983742639236428e-05,,
1588,San Luis Obispo County,CA,2020-04,646372.0,847.0,14.8,134.0,1.0,0.000480524417095194,3.5860031126507016e-06,,
1589,Santa Cruz County,CA,2020-04,886654.0,374.0,17.6,60.0,1.0,0.00021897890138285178,3.6496483563808627e-06,,
1590,Merced County,CA,2020-04,287990.0,606.0,18.5,167.0,3.0,0.0005810312434764456,1.0437687008558903e-05,,
1591,Marin County,CA,2020-04,1206095.0,258.0,12.1,116.0,8.0,0.00044478527607361964,3.067484662576687e-05,,
1592,Butte County,CA,2020-04,333078.0,385.0,15.9,12.0,0.0,5.5104261855452347e-05,0.0,,
1593,Yolo County,CA,2020-04,484163.0,306.0,11.8,123.0,18.0,0.0005500599252276265,8.04965744235551e-05,,
1594,El Dorado County,CA,2020-04,473276.0,809.0,15.5,31.0,0.0,0.00016054024381402195,0.0,,
1595,Shasta County,CA,2020-04,284115.0,605.0,15.7,17.0,3.0,9.554587607137839e-05,1.6861036953772656e-05,,
1596,Imperial County,CA,2020-04,226218.0,125.0,28.6,486.0,9.0,0.002535885916440994,4.6960850304462845e-05,,
1597,Kings County,CA,2020-04,244003.0,244.0,16.9,229.0,1.0,0.0014637825675641123,6.392063613817085e-06,,
1598,Madera County,CA,2020-04,293319.0,665.0,17.4,39.0,1.0,0.00024361448944024887,6.246525370262792e-06,,
1599,Napa County,CA,2020-04,696546.0,317.0,17.8,49.0,1.0,0.00035087216796035863,7.160656488986911e-06,,
1600,Humboldt County,CA,2020-04,326683.0,279.0,15.2,9.0,0.0,6.711509493057318e-05,0.0,,
1601,Nevada County,CA,2020-04,475372.0,680.0,15.4,6.0,1.0,6.078411508459123e-05,1.0130685847431871e-05,,
1602,Sutter County,CA,2020-04,324277.0,157.0,17.8,10.0,1.0,9.456533045854729e-05,9.456533045854729e-06,,
1603,Mendocino County,CA,2020-04,401028.0,330.0,15.6,7.0,1.0,7.915060097920602e-05,1.1307228711315144e-05,,
1604,Yuba County,CA,2020-04,296115.0,235.0,16.4,10.0,1.0,0.0001261193088661874,1.2611930886618741e-05,,
1605,Lake County,CA,2020-04,248747.0,451.0,16.0,8.0,0.0,0.00012332166915879206,0.0,,
1606,Tehama County,CA,2020-04,245031.0,324.0,14.7,0.0,1.0,0.0,1.5177961599757153e-05,,
1607,Tuolumne County,CA,2020-04,,409.0,19.9,0.0,0.0,0.0,0.0,,
1608,San Benito County,CA,2020-04,640359.0,126.0,18.8,24.0,1.0,0.00037487113804629654,1.5619630751929024e-05,,
1609,Calaveras County,CA,2020-04,336146.0,545.0,13.7,7.0,0.0,0.000158052789631737,0.0,,
1610,Siskiyou County,CA,2020-04,217643.0,221.0,15.6,1.0,0.0,2.275002275002275e-05,0.0,,
1611,Amador County,CA,2020-04,326188.0,239.0,15.2,3.0,0.0,7.785938594897615e-05,0.0,,
1612,Lassen County,CA,2020-04,176568.0,152.0,11.5,0.0,0.0,0.0,0.0,,
1613,Del Norte County,CA,2020-04,273863.0,114.0,14.5,3.0,0.0,0.00010886131069018072,0.0,,
1614,Glenn County,CA,2020-04,255294.0,67.0,14.4,4.0,0.0,0.0001362954886193267,0.0,,
1615,Colusa County,CA,2020-04,254322.0,44.0,25.7,0.0,0.0,0.0,0.0,,
1616,Plumas County,CA,2020-04,278616.0,273.0,18.7,3.0,0.0,0.00015791967152708323,0.0,,
1617,Inyo County,CA,2020-04,369546.0,53.0,14.9,9.0,1.0,0.00048772557307754836,5.419173034194982e-05,,
1618,Mariposa County,CA,2020-04,301678.0,116.0,20.4,15.0,0.0,0.0008429334082607474,0.0,,
1619,Mono County,CA,2020-04,475316.0,163.0,28.2,5.0,0.0,0.00035814053434567725,0.0,,
1620,Trinity County,CA,2020-04,282805.0,177.0,13.2,1.0,0.0,7.48839299086416e-05,0.0,,
1621,Modoc County,CA,2020-04,134781.0,60.0,13.2,0.0,0.0,0.0,0.0,,
1622,Sierra County,CA,2020-04,248303.0,37.0,14.3,0.0,0.0,0.0,0.0,,
1623,Alpine County,CA,2020-04,419433.0,55.0,22.9,0.0,0.0,0.0,0.0,,
1624,Los Angeles County,CA,2020-05,663097.0,10509.0,19.2,31969.0,1347.0,0.0031166290374988904,0.00013131781768309936,,
1625,San Diego County,CA,2020-05,624059.0,4804.0,15.6,4032.0,152.0,0.0011962907864840502,4.509826377618442e-05,,
1626,Orange County,CA,2020-05,765877.0,4897.0,14.9,5328.0,158.0,0.001650292285719861,4.893884781226313e-05,,
1627,Riverside County,CA,2020-05,407515.0,6376.0,15.7,4901.0,174.0,0.0019857018124948083,7.04982892009991e-05,,
1628,San Bernardino County,CA,2020-05,368292.0,5091.0,14.1,3774.0,122.0,0.00170199486064297,5.501944170599955e-05,,
1629,Santa Clara County,CA,2020-05,1269885.0,1544.0,11.3,830.0,28.0,0.0004218369219118869,1.4230643148834739e-05,,
1630,Alameda County,CA,2020-05,904066.0,1417.0,13.8,1890.0,36.0,0.0011210722433189432,2.1353757015598923e-05,,
1631,Sacramento County,CA,2020-05,402972.0,1941.0,14.3,386.0,18.0,0.0002461773944099874,1.1479774868859521e-05,,
1632,Contra Costa County,CA,2020-05,698164.0,1582.0,14.0,697.0,13.0,0.0006008107928719876,1.1205940182691305e-05,,
1633,Fresno County,CA,2020-05,277788.0,1220.0,15.2,2212.0,40.0,0.00214293948908525,3.875116616790686e-05,,
1634,Kern County,CA,2020-05,239825.0,1778.0,16.9,1672.0,34.0,0.0018031795058727357,3.6667525837125016e-05,,
1635,Ventura County,CA,2020-05,626285.0,1446.0,13.6,926.0,14.0,0.0010859023837081806,1.6417530639216556e-05,,
1636,San Francisco County,CA,2020-05,1455058.0,755.0,12.8,867.0,13.0,0.0009716680862509523,1.4569417671582911e-05,,
1637,San Mateo County,CA,2020-05,1427071.0,660.0,11.3,953.0,34.0,0.001224934158182316,4.370174331395461e-05,,
1638,San Joaquin County,CA,2020-05,388736.0,1049.0,15.8,590.0,13.0,0.0007539502520621817,1.6612463181031123e-05,,
1639,Stanislaus County,CA,2020-05,341021.0,703.0,15.6,447.0,18.0,0.0007949450740970615,3.201121103746556e-05,,
1640,Sonoma County,CA,2020-05,655434.0,1012.0,13.4,352.0,1.0,0.0007087229296028737,2.0134174136445273e-06,,
1641,Tulare County,CA,2020-05,236564.0,708.0,16.5,1503.0,49.0,0.0031026602783104855,0.00010115126655835912,,
1642,Santa Barbara County,CA,2020-05,664925.0,1063.0,12.4,1681.0,4.0,0.0036833905599148067,8.764760404318397e-06,,
1643,Monterey County,CA,2020-05,616371.0,661.0,14.8,447.0,6.0,0.0009961402351514935,1.3371009867805284e-05,,
1644,Solano County,CA,2020-05,461563.0,563.0,14.5,296.0,15.0,0.0006662840035565157,3.3764392072120745e-05,,
1645,Placer County,CA,2020-05,530961.0,1165.0,12.4,116.0,1.0,0.00028968569102523766,2.4972904398727382e-06,,
1646,San Luis Obispo County,CA,2020-05,644958.0,881.0,13.1,95.0,0.0,0.00034067029570181677,0.0,,
1647,Santa Cruz County,CA,2020-05,884431.0,405.0,14.3,89.0,0.0,0.0003248187037178967,0.0,,
1648,Merced County,CA,2020-05,286597.0,635.0,15.7,196.0,4.0,0.0006819288845591818,1.3916916011411871e-05,,
1649,Marin County,CA,2020-05,1203484.0,425.0,11.0,281.0,4.0,0.0010774539877300615,1.5337423312883436e-05,,
1650,Butte County,CA,2020-05,332025.0,396.0,13.3,50.0,1.0,0.0002296010910643847,4.592021821287694e-06,,
1651,Yolo County,CA,2020-05,481722.0,315.0,10.5,53.0,5.0,0.00023701769135824554,2.2360159562098637e-05,,
1652,El Dorado County,CA,2020-05,471770.0,875.0,14.9,55.0,0.0,0.00028482946483132925,0.0,,
1653,Shasta County,CA,2020-05,285811.0,585.0,12.8,21.0,0.0,0.0001180272586764086,0.0,,
1654,Imperial County,CA,2020-05,225592.0,106.0,27.5,3234.0,48.0,0.016874598876070315,0.0002504578682904685,,
1655,Kings County,CA,2020-05,245087.0,203.0,14.9,1001.0,4.0,0.006398455677430901,2.556825445526834e-05,,
1656,Madera County,CA,2020-05,293750.0,634.0,14.8,182.0,0.0,0.0011368676173878279,0.0,,
1657,Napa County,CA,2020-05,702526.0,411.0,15.2,65.0,1.0,0.00046544267178414914,7.160656488986911e-06,,
1658,Humboldt County,CA,2020-05,328400.0,277.0,12.9,53.0,3.0,0.00039523333681337536,2.2371698310191054e-05,,
1659,Nevada County,CA,2020-05,472353.0,743.0,13.1,9.0,0.0,9.117617262688685e-05,0.0,,
1660,Sutter County,CA,2020-05,328539.0,154.0,14.7,18.0,0.0,0.0001702175948253851,0.0,,
1661,Mendocino County,CA,2020-05,401393.0,329.0,13.6,20.0,0.0,0.00022614457422630286,0.0,,
1662,Yuba County,CA,2020-05,297725.0,186.0,14.6,11.0,0.0,0.00013873123975280613,0.0,,
1663,Lake County,CA,2020-05,250456.0,453.0,14.2,23.0,0.0,0.0003545497988315272,0.0,,
1664,Tehama County,CA,2020-05,246019.0,277.0,12.4,9.0,0.0,0.0001366016543978144,0.0,,
1665,Tuolumne County,CA,2020-05,,395.0,17.7,2.0,0.0,3.8203663731351835e-05,0.0,,
1666,San Benito County,CA,2020-05,635041.0,134.0,14.9,44.0,0.0,0.0006872637530848769,0.0,,
1667,Calaveras County,CA,2020-05,337736.0,531.0,11.6,5.0,0.0,0.000112894849736955,0.0,,
1668,Siskiyou County,CA,2020-05,217266.0,227.0,12.6,7.0,0.0,0.00015925015925015925,0.0,,
1669,Amador County,CA,2020-05,325912.0,242.0,15.3,2.0,0.0,5.190625729931743e-05,0.0,,
1670,Lassen County,CA,2020-05,176919.0,134.0,9.5,7.0,0.0,0.0002328288707799767,0.0,,
1671,Del Norte County,CA,2020-05,273985.0,108.0,13.4,41.0,0.0,0.0014877712460991364,0.0,,
1672,Glenn County,CA,2020-05,255305.0,66.0,11.7,13.0,0.0,0.00044296033801281175,0.0,,
1673,Colusa County,CA,2020-05,254370.0,37.0,19.4,6.0,0.0,0.0002655689815429558,0.0,,
1674,Plumas County,CA,2020-05,278504.0,348.0,13.6,0.0,0.0,0.0,0.0,,
1675,Inyo County,CA,2020-05,369506.0,56.0,12.5,1.0,0.0,5.419173034194982e-05,0.0,,
1676,Mariposa County,CA,2020-05,301167.0,128.0,19.1,1.0,0.0,5.6195560550716494e-05,0.0,,
1677,Mono County,CA,2020-05,474509.0,165.0,26.5,8.0,0.0,0.0005730248549530836,0.0,,
1678,Trinity County,CA,2020-05,282748.0,195.0,10.5,6.0,0.0,0.00044930357945184964,0.0,,
1679,Modoc County,CA,2020-05,133964.0,56.0,10.1,0.0,0.0,0.0,0.0,,
1680,Sierra County,CA,2020-05,247785.0,39.0,11.4,1.0,0.0,0.00032102728731942215,0.0,,
1681,Alpine County,CA,2020-05,419118.0,48.0,22.8,0.0,0.0,0.0,0.0,,
1682,Los Angeles County,CA,2020-06,660358.0,10391.0,17.8,58936.0,1054.0,0.00574561759686054,0.0001027535113867756,,
1683,San Diego County,CA,2020-06,624302.0,4373.0,13.5,9339.0,102.0,0.002770872930301227,3.026330858665008e-05,,
1684,Orange County,CA,2020-06,762505.0,4864.0,13.3,14856.0,251.0,0.004601490652525198,7.774462532201295e-05,,
1685,Riverside County,CA,2020-06,409046.0,5261.0,13.7,15030.0,162.0,0.006089593601672511,6.563633822161988e-05,,
1686,San Bernardino County,CA,2020-06,368398.0,4285.0,13.0,13432.0,114.0,0.006057550336024476,5.141160946298319e-05,,
1687,Santa Clara County,CA,2020-06,1253191.0,1597.0,10.3,2573.0,14.0,0.0013076944579268493,7.1153215744173696e-06,,
1688,Alameda County,CA,2020-06,895276.0,1476.0,13.0,3475.0,34.0,0.002061230711922396,2.0167437181398977e-05,,
1689,Sacramento County,CA,2020-06,401318.0,1773.0,12.9,3060.0,18.0,0.0019515617277061175,1.1479774868859518e-05,,
1690,Contra Costa County,CA,2020-06,695085.0,1469.0,12.9,2423.0,39.0,0.0020886148509739254,3.361782054807391e-05,,
1691,Fresno County,CA,2020-06,277247.0,1033.0,13.5,6669.0,38.0,0.006460788179344272,3.681360785951152e-05,,
1692,Kern County,CA,2020-06,240115.0,1569.0,15.7,6688.0,43.0,0.007212718023490943,4.6373635617540465e-05,,
1693,Ventura County,CA,2020-06,626728.0,1284.0,11.9,2902.0,20.0,0.0034031195653576036,2.3453615198880798e-05,,
1694,San Francisco County,CA,2020-06,1444861.0,1036.0,12.0,1400.0,4.0,0.001569014210785852,4.482897745102434e-06,,
1695,San Mateo County,CA,2020-06,1406162.0,759.0,10.5,1323.0,26.0,0.001700511953069469,3.341898018125941e-05,,
1696,San Joaquin County,CA,2020-06,386978.0,857.0,14.5,4438.0,26.0,0.005671239353647395,3.322492636206224e-05,,
1697,Stanislaus County,CA,2020-06,342992.0,514.0,13.7,3349.0,28.0,0.005955863653581787,4.979521716939087e-05,,
1698,Sonoma County,CA,2020-06,650522.0,1022.0,11.4,908.0,3.0,0.0018281830115892304,6.040252240933582e-06,,
1699,Tulare County,CA,2020-06,239084.0,594.0,15.0,3051.0,41.0,0.006298214576929668,8.463677405903518e-05,,
1700,Santa Barbara County,CA,2020-06,665754.0,1003.0,10.7,2233.0,23.0,0.004892927495710746,5.039737232483078e-05,,
1701,Monterey County,CA,2020-06,619664.0,597.0,12.1,1566.0,4.0,0.0034898335754971793,8.914006578536855e-06,,
1702,Solano County,CA,2020-06,462288.0,461.0,12.9,1297.0,4.0,0.002919494434502707,9.003837885898864e-06,,
1703,Placer County,CA,2020-06,529982.0,1083.0,10.5,710.0,2.0,0.0017730762123096442,4.9945808797454764e-06,,
1704,San Luis Obispo County,CA,2020-06,644585.0,821.0,11.0,519.0,1.0,0.0018611356154657143,3.5860031126507016e-06,,
1705,Santa Cruz County,CA,2020-06,880276.0,406.0,12.2,254.0,1.0,0.0009270106825207391,3.6496483563808627e-06,,
1706,Merced County,CA,2020-06,286643.0,526.0,14.4,1453.0,5.0,0.005055319741145361,1.739614501426484e-05,,
1707,Marin County,CA,2020-06,1212281.0,454.0,10.0,2540.0,6.0,0.009739263803680983,2.3006134969325155e-05,,
1708,Butte County,CA,2020-06,330489.0,377.0,11.6,228.0,2.0,0.0010469809752535943,9.184043642575389e-06,,
1709,Yolo County,CA,2020-06,480806.0,291.0,9.8,518.0,2.0,0.0023165125306334185,8.944063824839454e-06,,
1710,El Dorado County,CA,2020-06,471103.0,849.0,12.0,184.0,0.0,0.0009528840277993559,0.0,,
1711,Shasta County,CA,2020-06,286367.0,550.0,10.6,160.0,3.0,0.0008992553042012082,1.6861036953772656e-05,,
1712,Imperial County,CA,2020-06,226243.0,106.0,26.5,4387.0,110.0,0.022890805587297607,0.0005739659481656567,,
1713,Kings County,CA,2020-06,245758.0,178.0,13.3,1556.0,28.0,0.009946050983099385,0.0001789777811868784,,
1714,Madera County,CA,2020-06,295615.0,543.0,12.9,741.0,5.0,0.004628675299364728,3.123262685131396e-05,,
1715,Napa County,CA,2020-06,703362.0,394.0,12.4,339.0,1.0,0.0024274625497665626,7.160656488986911e-06,,
1716,Humboldt County,CA,2020-06,330526.0,240.0,11.5,47.0,1.0,0.0003504899401929933,7.457232770063685e-06,,
1717,Nevada County,CA,2020-06,473851.0,696.0,11.2,108.0,0.0,0.001094114071522642,0.0,,
1718,Sutter County,CA,2020-06,329424.0,131.0,12.8,196.0,1.0,0.0018534804769875272,9.456533045854729e-06,,
1719,Mendocino County,CA,2020-06,405941.0,326.0,12.0,58.0,0.0,0.0006558192652562784,0.0,,
1720,Yuba County,CA,2020-06,299274.0,172.0,12.7,75.0,0.0,0.0009458948164964055,0.0,,
1721,Lake County,CA,2020-06,251631.0,397.0,12.3,63.0,0.0,0.0009711581446254873,0.0,,
1722,Tehama County,CA,2020-06,246465.0,249.0,10.7,94.0,0.0,0.0014267283903771724,0.0,,
1723,Tuolumne County,CA,2020-06,,380.0,13.9,47.0,0.0,0.0008977860976867682,0.0,,
1724,San Benito County,CA,2020-06,635236.0,102.0,12.7,202.0,1.0,0.0031551654118896627,1.5619630751929024e-05,,
1725,Calaveras County,CA,2020-06,335996.0,462.0,10.0,40.0,0.0,0.0009031587978956399,0.0,,
1726,Siskiyou County,CA,2020-06,216803.0,220.0,10.9,23.0,0.0,0.0005232505232505234,0.0,,
1727,Amador County,CA,2020-06,325837.0,232.0,12.1,24.0,0.0,0.0006228750875918092,0.0,,
1728,Lassen County,CA,2020-06,176888.0,123.0,8.3,238.0,0.0,0.007916181606519208,0.0,,
1729,Del Norte County,CA,2020-06,274165.0,105.0,11.6,14.0,0.0,0.00050801944988751,0.0,,
1730,Glenn County,CA,2020-06,255112.0,56.0,10.5,145.0,0.0,0.004940711462450593,0.0,,
1731,Colusa County,CA,2020-06,254219.0,36.0,16.2,85.0,0.0,0.0037622272385252073,0.0,,
1732,Plumas County,CA,2020-06,278446.0,346.0,10.8,8.0,0.0,0.0004211191240722219,0.0,,
1733,Inyo County,CA,2020-06,369423.0,42.0,10.4,14.0,0.0,0.0007586842247872973,0.0,,
1734,Mariposa County,CA,2020-06,300676.0,111.0,14.2,18.0,0.0,0.001011520089912897,0.0,,
1735,Mono County,CA,2020-06,473201.0,202.0,21.0,10.0,0.0,0.0007162810686913545,0.0,,
1736,Trinity County,CA,2020-06,281914.0,180.0,8.9,12.0,0.0,0.0008986071589036993,0.0,,
1737,Modoc County,CA,2020-06,133567.0,56.0,8.7,1.0,0.0,0.00010554089709762533,0.0,,
1738,Sierra County,CA,2020-06,247747.0,44.0,9.5,0.0,0.0,0.0,0.0,,
1739,Alpine County,CA,2020-06,418594.0,48.0,19.6,0.0,0.0,0.0,0.0,,
